,city,Cloudiness,Country,Date,Humidity,Lat,Lng,Max Temp,Wind Speed
0,Huarmey,100,PE,1566743228,88,-10.07,-78.15,3342.5156767999997,2.68
1,Kula,0,RS,1566743228,51,45.61,19.53,4245.540224,4.1
2,Ayan,71,IR,1566743229,32,38.23,44.7,3666.9922937600013,2.32
3,Gimli,100,CA,1566743229,84,50.63,-96.99,3429.4509213440006,2.68
4,Manzhouli,100,CN,1566743229,94,49.6,117.43,3287.41587392,1.25
5,Oriximina,0,BR,1566743229,47,-1.77,-55.87,4371.04533056,2.82
6,Luderitz,0,NA,1566743230,58,-26.65,15.16,4306.762227200002,9.8
7,Hilo,90,US,1566743160,83,19.71,-155.08,3878.208204800001,3.6
8,Zyryanka,0,RU,1566743230,68,65.73,150.89,3226.1938707200006,2.91
9,Yellowknife,75,CA,1566742821,87,62.45,-114.38,3055.3844817920003,3.1
10,Codrington,37,AU,1566742916,87,-28.95,153.24,3388.4321792,3.6
11,Urengoy,100,RU,1566742909,93,65.96,78.37,2969.06145728,6.83
12,Butaritari,68,KI,1566742653,74,3.07,172.79,4199.623721600001,5.19
13,Nadym,100,RU,1566742884,81,65.53,72.51,2883.3506528000003,6.9
14,Yanam,75,IN,1566743231,79,16.73,82.22,4184.3182208,4.1
15,Punta Arenas,20,CL,1566742808,75,-53.16,-70.91,2776.2121472000003,7.7
16,Alofi,100,NU,1566742859,100,-19.06,-169.92,3694.5421952000015,6.2
17,Mataura,100,NZ,1566742807,96,-46.19,168.86,2817.230889344001,1.77
18,Hobart,20,AU,1566742549,70,-42.88,147.33,2898.6561536000004,4.1
19,Marica,75,BR,1566743023,73,-22.92,-42.82,3816.9862016,2.6
20,Tuatapere,100,NZ,1566743232,96,-46.13,167.69,2817.230889344001,9.86
21,Chekhov,0,RU,1566743232,49,55.14,37.45,3701.276615552001,4.0
22,Castro,90,CL,1566742830,93,-42.48,-73.76,2898.6561536000004,2.6
23,Vorobyevka,2,RU,1566743233,60,50.65,40.92,3777.19189952,3.98
24,Faanui,5,PF,1566742837,69,-16.48,-151.75,3954.735708800001,3.48
25,Cayenne,20,GF,1566742813,58,4.94,-52.33,4306.762227200002,4.1
26,Bredasdorp,38,ZA,1566742810,82,-34.53,20.04,3449.654182400001,5.7
27,Khatanga,10,RU,1566742814,90,71.98,102.47,3073.1388627200004,2.75
28,Bilma,4,NE,1566743233,32,18.69,12.92,4542.466939520002,1.56
29,Tuktoyaktuk,75,CA,1566742843,87,69.44,-133.03,2837.4341504000004,5.7
30,Hasaki,75,JP,1566742904,83,35.73,140.83,3878.208204800001,0.5
31,Saint-Philippe,1,CA,1566742809,68,45.36,-73.48,3694.5421952000015,1.5
32,Santa Maria,0,BR,1566743234,41,-16.02,-48.01,4041.670953344001,5.7
33,Kapaa,20,US,1566742743,78,22.08,-159.32,4061.8742144,7.2
34,Sorong,91,ID,1566742927,91,-0.86,131.25,3826.1695020800007,3.67
35,Ushuaia,40,AR,1566742802,65,-54.81,-68.31,2714.990144,2.1
36,Buchanan,75,LR,1566743098,74,5.88,-10.05,4245.540224,3.1
37,Tullahoma,90,US,1566743007,88,35.36,-86.21,3973.714529792,2.6
38,Vao,71,EE,1566743235,63,59.1,26.19,3550.670487680001,1.17
39,Bonthe,96,SL,1566742819,78,7.53,-12.5,4022.0799123200013,6.14
40,Antigonish,1,CA,1566743063,72,45.62,-61.99,3667.604513792001,3.1
41,San Rafael,70,AR,1566743235,44,-34.61,-68.33,3311.9046752000004,3.85
42,Rikitea,27,PF,1566742813,63,-23.12,-134.97,3685.358894720001,5.82
43,Hermanus,100,ZA,1566743236,97,-34.42,19.24,3361.4944977920004,2.68
44,Bandarbeyla,17,SO,1566742848,34,9.49,50.81,4481.244936320001,8.26
45,Lipari,20,IT,1566743236,70,38.47,14.95,4313.496647552001,4.1
46,Morondava,0,MG,1566743236,82,-20.3,44.28,3924.1247072000015,5.7
47,Valera,0,VE,1566743236,65,9.31,-70.61,4205.745921920002,2.05
48,Yulara,53,AU,1566742864,41,-25.24,130.99,3327.210176,3.1
49,New Norfolk,20,AU,1566742819,70,-42.78,147.06,2898.6561536000004,4.1
50,Upernavik,100,GL,1566742842,71,72.79,-56.15,2797.63984832,1.58
51,Severo-Kurilsk,100,RU,1566742845,88,50.68,156.12,3042.52786112,18.07
52,Port Alfred,32,ZA,1566742818,80,-33.59,26.89,3633.3201920000006,2.24
53,Jamestown,40,AU,1566742828,88,-33.21,138.6,2620.0960390400005,1.21
54,Iqaluit,75,CA,1566743126,66,63.75,-68.52,2959.8781568,6.2
55,Hithadhoo,100,MV,1566742822,69,-0.6,73.08,4156.7683193600005,3.46
56,Ribeira Grande,75,PT,1566742630,69,38.52,-28.7,3939.4302080000007,4.1
57,Guerrero Negro,93,MX,1566742855,81,27.97,-114.04,3850.6583033600004,4.5
58,Atuona,0,PF,1566742820,71,-9.8,-139.03,3985.3467104000006,7.26
59,Moissala,100,TD,1566743238,90,8.34,17.77,3807.802901120001,1.46
60,Vaini,40,IN,1566742806,83,15.34,74.49,3816.9862016,3.1
61,Roald,75,NO,1566743239,88,62.58,6.12,3694.5421952000015,7.2
62,Emirdag,40,TR,1566743239,27,39.02,31.15,4245.540224,5.7
63,Avarua,0,CK,1566742807,88,-21.21,-159.78,3939.4302080000007,3.6
64,Valparaiso,1,US,1566743239,68,41.47,-87.06,3701.276615552001,3.1
65,Camacupa,71,AO,1566743239,10,-12.02,17.48,4058.8131142400002,2.01
66,Jinchang,100,CN,1566743239,67,38.52,102.19,3287.41587392,3.66
67,Georgetown,40,GY,1566742868,74,6.8,-58.16,4306.762227200002,4.1
68,Dikson,100,RU,1566742807,97,73.51,80.55,2705.8068435200007,3.77
69,Chuy,100,UY,1566742840,82,-33.69,-53.46,3256.8048723200004,7.18
70,Curup,97,ID,1566743240,98,-3.47,102.53,3599.6480902400003,0.75
71,Ponta do Sol,0,BR,1566742828,48,-20.63,-46.0,3801.6807008000005,4.06
72,Victoria,75,BN,1566742821,78,5.28,115.24,4123.0962176,3.82
73,Lavrentiya,0,RU,1566742824,87,65.58,-170.99,2816.0064492800007,1.48
74,Mama,40,MX,1566743241,78,20.48,-89.36,4211.255902208,4.1
75,Zhangjiakou,25,CN,1566743241,74,40.77,114.88,3379.2488787200014,2.87
76,Guymon,1,US,1566743241,83,36.68,-101.48,3816.9862016,3.6
77,East London,20,ZA,1566742817,77,-33.02,27.91,3572.0981888000015,8.7
78,Coquimbo,0,CL,1566742836,87,-29.95,-71.34,3143.5441664000004,5.1
79,Port Hardy,40,CA,1566742846,100,50.7,-127.42,3082.3221632000004,3.1
80,Puerto Ayora,20,EC,1566742818,73,-0.74,-90.35,3878.208204800001,6.7
81,Flinders,90,AU,1566742896,81,-34.58,150.85,3259.2537524480003,3.1
82,Sechura,0,PE,1566743242,88,-5.56,-80.82,3428.2264812799995,3.98
83,Bluff,4,AU,1566742817,85,-23.58,149.07,3275.1714732800006,1.56
84,Boende,100,CD,1566743242,74,-0.28,20.88,3991.46891072,1.92
85,Nikolskoye,40,RU,1566742812,56,59.7,30.79,3667.604513792001,2.0
86,Zhob,33,PK,1566743243,22,31.34,69.45,4071.0575148800003,7.64
87,Cabo San Lucas,75,MX,1566742573,78,22.89,-109.91,4109.627376896,2.6
88,Mar del Plata,0,AR,1566742869,50,-46.43,-67.52,2920.08385472,5.69
89,Puerto El Triunfo,20,SV,1566743244,88,13.27,-88.55,4245.540224,1.0
90,Richards Bay,0,ZA,1566743244,71,-28.77,32.06,3826.1695020800007,1.69
91,Coihaique,20,CL,1566743244,75,-45.58,-72.07,2714.990144,2.1
92,Qaanaaq,100,GL,1566742823,85,77.48,-69.36,2503.7742329600005,4.93
93,Seaca,35,RO,1566743244,26,44.15,24.76,4499.611537280001,5.97
94,Busselton,0,AU,1566742808,51,-33.64,115.35,2986.8158382080005,7.29
95,Ahipara,90,NZ,1566742828,100,-35.17,173.16,3123.340905344001,10.15
96,Kuito,0,AO,1566743245,57,-12.38,16.94,3878.208204800001,2.83
97,Pedernales,82,EC,1566743245,87,0.07,-80.05,3783.3140998400004,6.82
98,Nampula,20,MZ,1566743246,45,-15.12,39.26,4184.3182208,5.1
99,Svetlogorsk,40,RU,1566742861,47,53.14,59.15,3939.4302080000007,5.0
100,Betsiamites,1,CA,1566743246,67,48.94,-68.65,3449.654182400001,4.6
101,Lagoa,0,PT,1566742834,57,37.14,-8.45,4143.299478656001,3.1
102,Matamoros,75,US,1566743247,79,25.87,-97.51,4313.496647552001,4.6
103,Uvira,8,CD,1566742874,67,-3.41,29.14,3373.1266784000004,2.68
104,Airai,48,TL,1566742816,80,-8.93,125.41,3556.792688000001,2.08
105,Okato,17,NZ,1566743247,88,-39.19,173.88,3055.3844817920003,4.92
106,Axim,100,GH,1566742837,83,4.87,-2.24,3954.735708800001,5.65
107,Kosh-Agach,0,RU,1566743247,53,49.99,88.66,2987.42805824,2.77
108,Goldsboro,90,US,1566743029,88,35.38,-77.99,3769.2330391040005,4.6
109,Husavik,97,CA,1566743122,84,50.56,-96.99,3429.4509213440006,2.68
110,Mecca,0,SA,1566742953,22,21.43,39.83,4664.910945920001,8.13
111,Ilulissat,5,GL,1566742738,48,69.22,-51.1,2776.2121472000003,3.1
112,Fortuna,20,ES,1566742817,65,38.18,-1.13,4306.762227200002,5.1
113,Puerto Escondido,5,MX,1566743163,65,15.86,-97.07,4000.6522112000016,4.1
114,Muriwai Beach,100,NZ,1566743249,82,-36.82,174.45,3224.9694306559995,6.7
115,Pevek,100,RU,1566743249,64,69.7,170.27,2920.08385472,3.43
116,Shingu,74,JP,1566743249,93,33.72,135.99,3495.5706848000004,1.75
117,Souillac,0,FR,1566742824,51,45.6,-0.6,4279.824545792,2.1
118,Amalapuram,75,IN,1566743250,79,16.58,82.0,4184.3182208,4.1
119,Longyearbyen,75,NO,1566742831,70,78.22,15.63,2776.2121472000003,0.73
120,Berlevag,75,NO,1566742908,58,70.86,29.09,3143.5441664000004,5.1
121,Atasu,4,KZ,1566743205,28,48.68,71.64,3832.2917024000003,3.22
122,Qeshm,40,IR,1566743250,63,26.96,56.27,4612.872243200001,4.1
123,Alyangula,0,AU,1566743250,93,-13.85,136.42,3572.0981888000015,4.58
124,Pakokku,71,MM,1566743251,76,21.33,95.09,4144.52391872,2.34
125,Cardston,90,CA,1566743251,87,49.2,-113.32,3021.10016,0.74
126,Saint George,20,GR,1566742838,28,39.45,22.34,4490.428236800001,5.7
127,Lumberton,40,US,1566743251,83,30.27,-94.2,4123.0962176,0.83
128,Touros,40,BR,1566742921,62,-5.2,-35.46,4184.3182208,7.7
129,Juruti,7,BR,1566743252,34,-2.16,-56.09,4603.68894272,2.93
130,Barrow,100,AR,1566742815,76,-38.31,-60.23,3311.9046752000004,4.76
131,Taoudenni,65,ML,1566742870,16,22.68,-3.98,4983.2653625600005,5.6
132,Kodiak,90,US,1566742826,93,39.95,-94.76,3572.0981888000015,4.6
133,Ippy,100,CF,1566743252,98,6.26,21.2,3648.625692800001,1.41
134,Cape Town,90,ZA,1566742749,93,-33.93,18.42,3497.407344896,7.2
135,Bud,75,NO,1566743252,72,62.91,6.91,3633.3201920000006,5.1
136,Esperance,0,AU,1566742822,81,-33.86,121.89,2898.6561536000004,3.6
137,Thompson,75,CA,1566743100,93,55.74,-97.86,3327.210176,2.1
138,Mahebourg,75,MU,1566742818,88,-20.41,57.7,3694.5421952000015,7.2
139,Tatarbunary,1,UA,1566743253,33,45.84,29.62,4395.534131840001,5.41
140,Conde,100,BR,1566743253,79,-11.81,-37.61,3875.1471046400006,2.53
141,Along,2,IN,1566743254,92,28.17,94.8,3415.9820806400007,2.36
142,Provideniya,6,RU,1566742822,94,64.42,-173.23,2883.3506528000003,0.71
143,Clyde River,82,CA,1566742882,70,70.47,-68.59,2828.2508499200003,3.22
144,Kansanshi,96,ZM,1566743254,23,-12.1,26.43,4034.3243129599996,1.73
145,Bow Island,20,CA,1566742963,100,49.87,-111.38,3123.340905344001,2.6
146,Norman Wells,40,CA,1566742829,100,65.28,-126.83,2470.1021312000003,2.1
147,Vestmannaeyjar,90,IS,1566742844,100,63.44,-20.27,3021.10016,15.4
148,San Andres,61,PH,1566743255,92,13.32,122.68,3991.46891072,2.45
149,Chokurdakh,72,RU,1566742824,93,70.62,147.9,2901.7172537600004,3.8
150,Aksu,0,KZ,1566743255,60,52.04,76.93,3694.5421952000015,2.0
151,Saint-Augustin,20,CA,1566742896,67,45.63,-73.98,3667.604513792001,1.5
152,Bambanglipuro,100,ID,1566742851,86,-7.95,110.28,3862.9027040000014,5.24
153,Fereydun Kenar,0,IR,1566743255,74,36.69,52.52,4367.9842304,5.1
154,Tari,100,NG,1566743256,62,12.41,4.49,4175.134920320001,3.06
155,Pasco,1,US,1566743256,82,46.24,-119.1,3565.363768448001,3.8
156,Makakilo City,90,US,1566742814,74,21.35,-158.09,4123.0962176,2.1
157,Tezu,11,IN,1566742863,64,27.93,96.16,4083.3019155200004,1.59
158,Ylivieska,100,FI,1566743257,76,64.07,24.53,3463.123023104001,2.68
159,Grand Gaube,75,MU,1566742838,88,-20.01,57.66,3694.5421952000015,7.2
160,Margate,20,AU,1566742917,70,-43.03,147.26,2898.6561536000004,4.1
161,Blairmore,75,CA,1566743257,87,49.61,-114.44,3055.3844817920003,2.6
162,Vostok,47,RU,1566743257,95,46.45,135.83,3011.916859520001,1.01
163,San Quintin,100,PH,1566742881,92,17.54,120.52,3924.1247072000015,1.42
164,Geraldton,40,CA,1566742922,87,49.72,-86.95,3327.210176,4.1
165,Praia da Vitoria,75,PT,1566743258,88,38.73,-27.07,3694.5421952000015,7.25
166,Preston,0,GB,1566743258,65,53.76,-2.71,4381.453071104001,6.2
167,Torbay,20,CA,1566742810,58,47.66,-52.73,3429.4509213440006,4.1
168,Nizwa,46,OM,1566743259,19,22.93,57.53,4493.48933696,4.3
169,Auki,57,NG,1566743259,70,12.18,6.51,4015.957712,5.38
170,Arraial do Cabo,75,BR,1566742847,73,-22.97,-42.02,3755.7641984,3.6
171,Ancud,90,CL,1566742819,93,-41.87,-73.83,2898.6561536000004,2.6
172,Kanniyakumari,100,IN,1566743259,84,8.08,77.57,4022.0799123200013,7.85
173,Christchurch,33,NZ,1566742825,53,-43.53,172.64,3021.10016,1.5
174,Teya,40,MX,1566742922,78,21.05,-89.07,4313.496647552001,4.1
175,Khandyga,100,RU,1566743260,93,62.65,135.58,3097.627664,1.63
176,Marsa Matruh,0,EG,1566743260,62,31.35,27.25,4306.762227200002,5.7
177,Hambantota,90,LK,1566742885,94,6.12,81.12,4061.8742144,4.1
178,Nanortalik,0,GL,1566742829,60,60.14,-45.24,2864.98405184,3.37
179,Bethel,90,US,1566742841,93,60.79,-161.76,2898.6561536000004,4.1
180,Novikovo,4,RU,1566743261,61,51.15,37.89,3758.82529856,3.29
181,Nuuk,20,GL,1566742731,70,64.17,-51.74,2959.8781568,3.6
182,Bogo,40,CM,1566743261,74,10.74,14.61,4123.0962176,2.6
183,Tasiilaq,100,GL,1566742813,75,65.61,-37.64,2898.6561536000004,7.2
184,Sisimiut,37,GL,1566743261,74,66.94,-53.67,2748.66224576,6.41
185,Saskylakh,85,RU,1566742838,92,71.97,114.09,2926.2060550400006,0.81
186,Cape Coast,100,GH,1566743262,82,5.11,-1.24,3954.735708800001,7.43
187,Katsuura,75,JP,1566742844,69,33.93,134.5,4000.6522112000016,5.1
188,Manikpur,100,IN,1566743262,81,25.07,81.1,4089.424115840001,2.26
189,Havelock,90,US,1566743084,78,34.88,-76.9,3939.4302080000007,7.2
190,Bereda,20,ES,1566742878,73,43.27,-7.54,3803.517360896001,3.6
191,Shelburne,1,CA,1566743262,72,44.08,-80.2,3667.604513792001,2.6
192,Bambous Virieux,75,MU,1566742831,88,-20.34,57.76,3694.5421952000015,7.2
193,Lenine,0,UA,1566743263,67,45.3,35.78,4022.0799123200013,3.46
194,Homer,1,US,1566743263,87,59.64,-151.54,3055.3844817920003,2.1
195,Port Elizabeth,40,US,1566742830,68,39.31,-74.98,3803.517360896001,6.2
196,Albany,40,US,1566742823,60,42.65,-73.75,3735.5609373440006,3.1
197,Waddan,0,LY,1566743263,15,29.16,16.14,4628.177744000001,5.67
198,Binzhou,61,CN,1566743264,69,37.38,117.96,4075.343055104001,0.63
199,Abu Dhabi,0,AE,1566742995,50,24.47,54.37,4735.316249600001,5.1
200,Anajatuba,24,BR,1566743264,42,-3.26,-44.62,4438.38953408,3.1
201,Hay River,75,CA,1566743264,100,60.82,-115.79,2837.4341504000004,1.5
202,Bjornevatn,75,NO,1566743264,76,69.67,29.98,3021.10016,10.8
203,Suba,41,CN,1566743265,91,28.73,103.51,3660.8700934400003,1.3
204,Ambulu,100,ID,1566743265,88,-8.35,113.61,3862.9027040000014,4.23
205,Yar-Sale,100,RU,1566742853,71,66.83,70.83,2871.1062521600006,6.98
206,Nicoya,0,CR,1566743265,74,10.15,-85.45,4123.0962176,1.0
207,Buala,100,SB,1566743265,84,-8.15,159.59,4009.835511680001,5.48
208,Mehamn,75,NO,1566743266,58,71.03,27.85,3143.5441664000004,5.1
209,Lahaina,20,US,1566743266,78,20.87,-156.68,4000.6522112000016,7.2
210,Astoria,1,US,1566743249,93,46.19,-123.83,3395.1665995520007,2.1
211,Tecolutla,1,MX,1566743266,66,17.31,-98.74,3728.21429696,0.74
212,Dashitou,93,CN,1566743267,92,43.3,128.5,3238.4382713600007,1.38
213,Ust-Kuyga,88,RU,1566743267,82,70.0,135.55,3067.0166624000003,0.78
214,Leh,0,IN,1566743267,27,34.16,77.58,3146.60526656,2.93
215,Siderno,20,IT,1566742871,70,38.28,16.3,4245.540224,4.1
216,Ghanzi,0,BW,1566743267,8,-21.7,21.65,4034.3243129599996,3.9
217,Manuk Mangkaw,0,PH,1566743268,75,4.8,119.85,4144.52391872,2.86
218,Gizo,20,IL,1566742806,52,31.8,34.94,4415.737392896001,4.6
219,Kamina,100,CD,1566743268,17,-8.74,25.0,4291.4567264,2.72
220,Clarence Town,90,AU,1566743268,93,-32.59,151.78,3429.4509213440006,0.5
221,Naze,75,NG,1566742899,88,5.43,7.07,3939.4302080000007,1.5
222,Chicama,90,PE,1566743269,93,-7.84,-79.15,3388.4321792,3.6
223,Lompoc,1,US,1566742886,87,34.64,-120.46,3449.654182400001,2.11
224,Grindavik,90,IS,1566742830,93,63.84,-22.43,3021.10016,12.3
225,Dvinskoy,86,RU,1566743269,84,62.16,45.12,3097.627664,2.95
226,Barra do Garcas,0,BR,1566742641,15,-15.89,-52.26,4597.566742400001,3.24
227,Adelaide,20,AU,1566743270,93,-34.93,138.6,2817.230889344001,1.0
228,Carnarvon,0,ZA,1566742857,8,-30.97,22.13,3728.21429696,7.6
229,Lorengau,100,PG,1566742815,83,-2.02,147.27,4003.713311360001,3.2
230,Meulaboh,100,ID,1566743270,66,4.14,96.13,4126.15731776,1.37
231,Nishihara,40,JP,1566743270,83,35.74,139.53,4041.670953344001,1.5
232,Puerto Suarez,0,BO,1566743271,69,-18.96,-57.8,4123.0962176,7.7
233,Selma,90,US,1566743271,88,32.41,-87.02,4007.386631552,3.1
234,Vardo,1,US,1566742887,60,39.62,-77.74,3755.7641984,2.6
235,Alcaniz,0,ES,1566743271,52,41.05,-0.13,4177.583800448001,3.58
236,Diamantino,76,BR,1566743272,23,-14.4,-56.44,4579.200141440001,2.66
237,Ostrovnoy,89,RU,1566742869,68,68.05,39.51,2846.61745088,1.77
238,Ucluelet,75,CA,1566743272,100,48.94,-125.55,3259.2537524480003,1.0
239,Aklavik,75,CA,1566742823,86,68.22,-135.01,2714.990144,1.5
240,Dingle,42,PH,1566743272,88,11.0,122.67,3862.9027040000014,0.94
241,Tortoli,40,IT,1566742924,100,39.93,9.66,4041.670953344001,5.7
242,Saint-Francois,0,FR,1566742909,21,46.42,3.91,4429.206233600001,1.0
243,Sumbe,20,AO,1566743273,86,-11.2,13.84,3939.4302080000007,5.1
244,Pyatovskiy,0,RU,1566743273,49,54.69,36.06,3694.5421952000015,2.0
245,Straumen,75,NO,1566743273,77,63.87,11.3,3510.8761856000006,5.1
246,Peniche,40,PT,1566742875,73,39.36,-9.38,4007.386631552,3.6
247,Saint-Louis,40,SN,1566743273,62,16.03,-16.5,4306.762227200002,4.1
248,Moultonborough,1,US,1566743274,82,43.76,-71.4,3599.0358702080007,2.51
249,Carutapera,80,BR,1566742906,67,-1.2,-46.02,4144.52391872,5.38
250,Zinder,75,NE,1566743274,55,13.81,8.99,4245.540224,5.1
251,Pauini,33,BR,1566743274,40,-7.71,-67.0,4536.344739200001,0.95
252,Mnogovershinnyy,82,RU,1566743275,93,53.94,139.92,2834.3730502400003,1.56
253,Show Low,1,US,1566743275,68,34.25,-110.03,3837.189462656,2.1
254,Tucurui,0,BR,1566743139,35,-3.77,-49.67,4548.589139840001,3.14
255,Port-Gentil,75,GA,1566742655,69,-0.72,8.78,4123.0962176,5.7
256,Cherskiy,100,RU,1566742847,62,68.75,161.3,3299.6602745600007,1.69
257,Tiksi,73,RU,1566742847,94,71.64,128.87,2809.8842489600006,1.02
258,Puerto Ayacucho,0,CO,1566743276,74,5.66,-67.63,4123.0962176,3.01
259,Cap Malheureux,75,MU,1566743276,88,-19.98,57.61,3694.5421952000015,7.2
260,Plateros,75,MX,1566743276,93,23.23,-102.84,3449.654182400001,2.66
261,Ola,97,RU,1566743276,91,59.58,151.3,3048.65006144,2.96
262,Velsk,35,RU,1566743277,71,61.07,42.1,3275.1714732800006,1.22
263,Nemuro,100,JP,1566743277,88,43.32,145.57,3275.1714732800006,2.08
264,Broome,0,GB,1566742878,29,52.47,1.45,4381.453071104001,3.6
265,Takoradi,100,GH,1566743277,63,4.89,-1.75,4150.646119040001,4.96
266,Anadyr,0,RU,1566742908,82,64.73,177.51,3204.766169600001,2.66
267,Jalu,0,LY,1566743278,13,29.03,21.55,4793.477152640001,3.87
268,Kirakira,100,SB,1566742865,86,-10.46,161.92,3966.980109440001,1.85
269,Krasnorechenskiy,80,RU,1566743278,97,44.63,135.35,2981.30585792,0.31
270,Passa Quatro,75,BR,1566743278,63,-22.39,-44.97,3803.517360896001,3.1
271,Sterlitamak,67,RU,1566743279,80,53.63,55.95,3428.2264812799995,4.52
272,Labuhan,96,ID,1566742926,90,-2.54,115.51,3862.9027040000014,0.61
273,Kaitangata,100,NZ,1566742829,83,-46.28,169.85,2850.9029911040006,0.45
274,Araouane,84,ML,1566743279,31,18.9,-3.53,4677.15534656,5.76
275,Yaan,41,NG,1566742931,73,7.38,8.57,4138.4017184,0.7
276,Saldanha,100,PT,1566742872,28,41.42,-6.55,4291.4567264,0.96
277,Catuday,100,PH,1566743280,82,16.29,119.81,4156.7683193600005,5.26
278,Belgrade,0,RS,1566743055,40,44.82,20.46,4306.762227200002,5.1
279,Narsaq,0,GL,1566742836,30,60.91,-46.05,3143.5441664000004,2.1
280,Nome,40,US,1566742924,83,30.04,-94.42,4211.255902208,1.54
281,Sines,42,PT,1566743280,80,37.96,-8.87,3599.0358702080007,4.47
282,Harrismith,0,ZA,1566743281,9,-28.27,29.13,3715.9698963200003,4.19
283,Constitucion,90,MX,1566743281,100,23.99,-104.67,3429.4509213440006,2.6
284,Pokrovskoye,28,RU,1566743281,37,47.41,38.9,4309.82332736,7.13
285,Buluang,20,PH,1566743281,78,10.47,123.98,4123.0962176,2.15
286,Anamur,20,TR,1566743282,59,36.08,32.84,4429.206233600001,3.6
287,Vila Velha,40,BR,1566742827,55,-3.71,-38.6,4245.540224,10.8
288,Havoysund,40,NO,1566742887,71,71.0,24.66,3204.766169600001,8.7
289,Raudeberg,88,NO,1566742925,88,61.99,5.14,3694.5421952000015,7.2
290,Belaya Gora,42,RU,1566742926,89,68.54,146.19,3177.2162681600003,2.65
291,Karratha,0,AU,1566742811,68,-20.74,116.85,3446.59308224,4.02
292,Tecoanapa,40,MX,1566742866,88,16.99,-99.26,4123.0962176,0.88
293,Tevaitoa,0,PF,1566743283,66,-16.78,-151.5,3954.735708800001,2.73
294,Muros,20,ES,1566743283,73,42.77,-9.06,3939.4302080000007,5.1
295,Soyo,75,AO,1566743081,69,-6.13,12.37,4000.6522112000016,2.1
296,Rome,0,IT,1566743085,62,41.89,12.48,4245.540224,4.6
297,Te Anau,100,NZ,1566742833,86,-45.41,167.72,2736.4178451200005,2.06
298,Shenzhen,75,CN,1566743116,94,22.54,114.05,4184.3182208,4.0
299,Diamantina,0,BR,1566743284,34,-18.24,-43.6,4040.446513280001,4.04
300,Port Lincoln,67,AU,1566742909,60,-34.72,135.86,3152.7274668800005,2.97
301,Cucuta,20,BO,1566743284,45,-16.46,-68.3,2898.6561536000004,2.1
302,Kavaratti,100,IN,1566742816,77,10.57,72.64,4113.91291712,8.87
303,Lebu,40,ET,1566742825,53,8.96,38.73,3755.7641984,3.1
304,Los Llanos de Aridane,0,ES,1566743285,74,28.66,-17.92,4211.255902208,7.2
305,Manokwari,54,ID,1566743285,84,-0.87,134.08,3838.413902720001,2.04
306,Andros Town,75,BS,1566743285,74,24.73,-77.79,4279.824545792,3.1
307,Kentau,0,KZ,1566743285,18,43.52,68.5,4120.035117440001,10.29
308,Bani,0,YE,1566743285,82,16.02,42.93,4297.57892672,5.47
309,Cravo Norte,56,CO,1566743286,67,6.3,-70.2,4254.72352448,0.86
310,Fowa,87,NG,1566743286,70,8.92,6.4,4175.134920320001,1.49
311,Vila,40,IT,1566743286,45,45.18,8.4,4347.780969344001,2.6
312,San Patricio,0,PY,1566742819,52,-26.98,-56.83,3918.002506880001,3.61
313,Keflavik,90,IS,1566743287,93,64.0,-22.56,3021.10016,12.3
314,Boa Vista,40,BR,1566743287,52,2.82,-60.67,4306.762227200002,6.2
315,Sitka,0,US,1566743287,74,37.17,-99.65,3911.8803065600005,5.56
316,Whitehorse,90,CA,1566743288,100,60.72,-135.06,2837.4341504000004,1.0
317,Kahului,20,US,1566742835,78,20.89,-156.47,4000.6522112000016,7.2
318,San Pedro,100,AR,1566743288,69,-33.68,-59.66,3463.123023104001,1.34
319,College,1,US,1566742927,93,64.86,-147.8,2680.705822208,2.1
320,Sao Lourenco da Mata,75,BR,1566743288,78,-8.0,-35.02,4061.8742144,3.6
321,Cuaspud,20,CO,1566743289,71,0.86,-77.73,3082.3221632000004,2.1
322,Egvekinot,29,RU,1566743149,87,66.32,-179.17,2944.5726560000003,2.51
323,Jamkhed,99,IN,1566743289,83,18.74,75.31,3795.55850048,2.27
324,Sindhnur,100,IN,1566743289,66,15.78,76.77,4022.0799123200013,7.66
325,Nova Ushytsya,10,UA,1566743290,39,48.84,27.27,4211.255902208,2.68
326,Kutum,24,SD,1566743290,35,14.2,24.66,4260.8457248,6.15
327,Dicabisagan,100,PH,1566743290,92,17.08,122.42,3899.635905920001,1.05
328,Kumano,75,JP,1566743290,88,34.34,132.59,3816.9862016,1.5
329,Aksarka,1,RU,1566743291,71,66.56,67.8,2791.5176480000005,2.72
330,Kasongo,75,CD,1566743291,27,-4.43,26.67,4469.00053568,2.26
331,Mogadishu,75,SO,1566743291,69,2.04,45.34,4061.8742144,6.7
332,Itoman,20,JP,1566742852,79,26.12,127.67,4184.3182208,3.1
333,Cidreira,100,BR,1566742841,57,-30.17,-50.22,3544.54828736,9.03
334,Henties Bay,0,NA,1566742856,57,-22.12,14.28,3837.189462656,4.02
335,Udachnyy,0,RU,1566743292,48,66.42,112.4,3388.4321792,2.0
336,Ruidoso,1,US,1566743292,35,33.33,-105.67,4075.343055104001,4.1
337,Chilliwack,90,CA,1566743293,82,49.17,-121.95,3429.4509213440006,4.6
338,Verkhoyansk,94,RU,1566743293,68,67.55,133.39,3091.50546368,2.13
339,Nairn,1,US,1566743293,74,29.43,-89.61,4184.3182208,2.14
340,Naigarhi,95,IN,1566743294,82,24.78,81.78,4126.15731776,3.48
341,Srednekolymsk,44,RU,1566743294,71,67.46,153.71,3060.8944620800007,3.82
342,Ahuimanu,90,US,1566743294,74,21.44,-157.84,4123.0962176,7.2
343,Komsomolskiy,100,RU,1566743294,62,67.55,63.78,2895.5950534400004,2.0
344,Fairbanks,1,US,1566742832,93,64.84,-147.72,2680.705822208,2.1
345,Shieli,0,KZ,1566743294,14,44.18,66.74,4193.50152128,5.84
346,Octeville,20,FR,1566743295,82,49.63,-1.64,3633.3201920000006,4.1
347,Krasnyy Chikoy,45,RU,1566743295,71,50.36,108.75,3048.65006144,2.1
348,Kushiro,96,JP,1566743295,94,43.11,144.15,3232.31607104,0.76
349,Coahuayana,54,MX,1566743295,82,18.62,-100.35,3985.3467104000006,0.78
350,Necochea,100,AR,1566743239,74,-38.55,-58.74,3327.210176,6.71
351,Hirado,100,JP,1566743296,78,33.32,129.49,3816.9862016,1.5
352,Rock Sound,100,BS,1566743296,78,24.9,-76.2,4181.257120640001,5.54
353,Pisco,90,PE,1566742808,30,-13.71,-76.2,3755.7641984,2.6
354,Paamiut,62,GL,1566743296,87,61.99,-49.67,2711.9290438400003,7.94
355,Sinnamary,0,GF,1566743297,70,5.38,-52.96,4169.012720000001,5.48
356,Bubaque,100,GW,1566743297,83,11.28,-15.83,4028.202112640001,8.05
357,Kashiwazaki,0,JP,1566743297,92,37.37,138.57,3633.3201920000006,1.5
358,Mount Isa,0,AU,1566742859,15,-20.73,139.49,3510.8761856000006,4.6
359,Houston,20,US,1566743017,83,29.76,-95.37,4184.3182208,1.61
360,Santa Rosa,100,AR,1566742923,64,-36.62,-64.29,3373.1266784000004,2.76
361,Kambove,69,CD,1566743298,23,-10.88,26.6,4120.035117440001,1.12
362,Bandarban,75,BD,1566743298,89,22.2,92.22,4184.3182208,2.45
363,Finschhafen,62,PG,1566743298,93,-6.6,147.85,3440.4708819200005,1.26
364,Saint Anthony,1,US,1566743299,44,43.97,-111.68,3531.0794466559996,4.1
365,Gat,20,SN,1566743299,66,14.69,-16.54,4245.540224,6.2
366,Ulcinj,20,ME,1566743299,28,41.93,19.22,4551.650240000001,0.5
367,Pangnirtung,0,CA,1566742891,53,66.15,-65.72,2938.4504556800002,1.09
368,Hammerfest,40,NO,1566743299,71,70.66,23.68,3204.766169600001,8.7
369,Loukhi,82,RU,1566743300,81,66.08,33.04,3134.3608659200004,2.87
370,Pochutla,20,MX,1566743300,78,15.74,-96.47,4075.343055104001,1.38
371,Nouadhibou,75,MR,1566742889,74,20.93,-17.03,4000.6522112000016,5.7
372,Harper,90,US,1566743300,88,30.3,-99.24,3939.4302080000007,2.6
373,Ville-Marie,40,CA,1566743300,93,47.33,-79.44,3265.9881728000005,1.86
374,Banjar,97,ID,1566743301,89,-7.37,108.54,3691.48109504,0.55
375,Falun,91,SE,1566743301,53,60.61,15.63,4007.386631552,6.7
376,Bathsheba,40,BB,1566742835,66,13.22,-59.52,4306.762227200002,9.3
377,Sao Felix do Xingu,14,BR,1566743301,25,-6.64,-51.99,4597.566742400001,3.17
378,Kiunga,100,PG,1566743302,98,-6.12,141.3,3740.4586976,1.86
379,Campobasso,66,IT,1566743020,53,41.56,14.66,4347.780969344001,1.8
380,Quatre Cocos,75,MU,1566742920,88,-20.21,57.76,3694.5421952000015,7.2
381,Savannah Bight,0,HN,1566743123,78,16.45,-85.85,4126.15731776,7.28
382,Vanavara,96,RU,1566743081,89,60.35,102.28,3115.9942649600007,1.28
383,Qaqortoq,0,GL,1566742846,30,60.72,-46.03,3143.5441664000004,2.1
384,Santa Cruz,31,BR,1566743302,40,-6.22,-36.02,4266.9679251200005,7.46
385,Hualmay,100,PE,1566743302,88,-11.1,-77.61,3330.271276160001,3.71
386,Solnechnyy,0,RU,1566742929,94,50.72,136.64,3073.1388627200004,0.58
387,Ukiah,1,US,1566743303,77,39.15,-123.21,3429.4509213440006,0.44
388,Bela,0,PK,1566743303,71,26.23,66.31,4113.91291712,3.18
389,Calatayud,0,ES,1566743177,51,41.35,-1.64,4490.428236800001,5.7
390,Leninskoye,0,RU,1566743304,67,54.82,82.85,3327.210176,2.0
391,Saint-Pierre,0,FR,1566742850,30,48.95,4.24,4429.206233600001,2.1
392,California City,1,US,1566743304,63,35.13,-117.99,4007.386631552,2.07
393,Talaya,0,RU,1566743304,59,55.79,84.89,3388.4321792,2.0
394,Rio Gallegos,0,AR,1566743304,70,-51.62,-69.22,2776.2121472000003,2.1
395,Vertientes,20,CU,1566743305,79,21.26,-78.15,4184.3182208,2.1
396,Kavieng,99,PG,1566742927,76,-2.57,150.8,4156.7683193600005,6.02
397,Yukhnov,6,RU,1566743305,68,54.74,35.23,3569.0370886400005,2.09
398,Cartagena del Chaira,9,CO,1566743305,54,1.33,-74.84,4297.57892672,0.38
399,Ilhabela,13,BR,1566743186,66,-23.78,-45.36,3593.525889920001,4.74
400,Port Hueneme,90,US,1566743306,100,34.15,-119.2,3667.604513792001,2.74
401,Zuwarah,0,LY,1566743306,57,32.93,12.08,4230.234723200001,8.36
402,Corinth,0,GR,1566743306,26,37.94,22.93,4551.650240000001,5.7
403,Lucapa,96,AO,1566743306,14,-8.42,20.74,4493.48933696,1.46
404,La Palma,87,CO,1566743307,45,5.36,-74.39,4187.379320960001,1.74
405,Subotica,98,RS,1566743307,36,46.1,19.66,4381.453071104001,2.68
406,Mercedes,100,UY,1566743048,70,-33.25,-58.03,3395.1665995520007,2.24
407,Poshekhonye,96,RU,1566743307,75,58.5,39.12,3379.2488787200014,3.11
408,Omboue,84,GA,1566743307,87,-1.57,9.26,3862.9027040000014,5.22
409,Petropavlovsk-Kamchatskiy,75,RU,1566743134,100,53.05,158.65,2959.8781568,4.0
410,San Ramon,20,NI,1566743308,83,12.92,-85.84,3755.7641984,2.5
411,Jieshi,100,CN,1566742849,93,22.82,115.83,4041.670953344001,3.24
412,Huescar,0,ES,1566743308,27,37.81,-2.54,4279.824545792,1.34
413,Zhicheng,76,CN,1566743308,70,35.04,112.59,3807.802901120001,4.35
414,Adrar,20,DZ,1566742846,8,27.87,-0.29,5102.648268800001,3.1
415,Boundiali,97,CI,1566743309,87,9.53,-6.48,3893.5137056000003,2.96
416,Lasa,20,CY,1566742883,70,34.92,32.53,4306.762227200002,5.1
417,Sorland,75,NO,1566743309,93,67.67,12.69,3265.9881728000005,7.7
418,Samarai,100,PG,1566743309,95,-10.62,150.67,3777.19189952,1.9
419,Marawi,100,PH,1566742891,88,8.0,124.29,3973.714529792,2.24
420,Artyom,40,RU,1566743310,100,43.36,132.19,3510.8761856000006,3.0
421,West Wendover,1,US,1566743310,22,40.74,-114.07,4000.6522112000016,4.6
422,Tautira,0,PF,1566742823,78,-17.73,-149.15,3755.7641984,1.0
423,Logrono,0,ES,1566743096,26,42.47,-2.45,4429.206233600001,6.7
424,Astana,0,KZ,1566743311,53,51.13,71.43,3878.208204800001,3.0
425,Atherton,40,AU,1566743311,82,-17.27,145.48,3510.8761856000006,3.6
426,Saint-Georges,0,CA,1566743047,48,46.12,-70.67,3633.3201920000006,0.44
427,Pirgos,0,GR,1566743311,66,35.12,25.72,4245.540224,7.2
428,Sao Joao da Barra,75,BR,1566743311,69,-21.64,-41.05,3816.9862016,5.1
429,Panaba,4,MX,1566742825,60,21.28,-88.27,4297.57892672,1.67
430,Acapulco,40,MX,1566742818,88,16.86,-99.88,4123.0962176,0.43
431,Shenjiamen,100,CN,1566742928,87,29.96,122.3,4144.52391872,9.4
432,Ikot Ekpene,97,NG,1566743312,87,5.18,7.71,3924.1247072000015,2.76
433,Kaniv,49,UA,1566743312,32,49.76,31.46,4015.957712,3.02
434,Shimoda,63,JP,1566743312,87,34.7,138.93,3905.1458862080012,2.71
435,Puerto del Rosario,20,ES,1566743312,74,28.5,-13.86,4000.6522112000016,6.7
436,Quelimane,20,MZ,1566743313,61,-17.88,36.89,4061.8742144,4.6
437,Cam Ranh,20,VN,1566743313,79,11.92,109.15,4245.540224,1.75
438,Mengcheng,69,CN,1566743314,88,33.26,116.57,3899.635905920001,4.92
439,Bati,26,ET,1566743314,50,11.19,40.02,3991.46891072,2.43
440,Kudahuvadhoo,98,MV,1566742847,70,2.67,72.89,4156.7683193600005,3.15
441,Kijang,0,KR,1566743271,83,35.24,129.21,3755.7641984,2.1
442,Chapais,1,CA,1566742871,72,49.78,-74.86,3388.4321792,1.5
443,Singaparna,100,ID,1566743314,89,-7.35,108.11,3587.403689600001,0.91
444,Inhambane,0,MZ,1566743315,64,-23.87,35.38,3878.208204800001,4.1
445,Uusikaupunki,20,FI,1566743315,68,60.8,21.41,3667.604513792001,5.7
446,San Francisco,40,CO,1566743203,33,1.17,-76.88,3878.208204800001,2.6
447,Kholm-Zhirkovskiy,0,RU,1566743315,66,55.52,33.47,3611.8924908800013,1.25
448,Salalah,75,OM,1566742810,83,17.01,54.1,4123.0962176,1.5
449,Naryan-Mar,100,RU,1566743316,84,67.67,53.09,2754.7844460800006,4.65
450,Madimba,75,CM,1566743316,83,4.42,9.93,4061.8742144,2.1
451,Trebinje,20,HR,1566743316,38,42.71,18.35,4551.650240000001,4.6
452,Mponela,20,MW,1566743316,47,-13.53,33.74,3939.4302080000007,5.1
453,Lata,96,IN,1566742838,99,30.78,78.62,2883.3506528000003,1.41
454,Berezovyy,43,RU,1566743317,97,51.67,135.7,3024.1612601600004,0.69
455,Tilichiki,100,RU,1566743317,88,60.47,166.1,2987.42805824,3.27
456,Swan Hill,2,AU,1566743317,91,-35.34,143.56,2681.3180422400005,3.09
457,Deputatskiy,96,RU,1566742809,91,69.3,139.9,2975.1836576000005,1.38
458,Uvat,100,RU,1566743318,89,59.14,68.9,3201.70506944,2.19
459,Kununurra,33,AU,1566743318,72,-15.77,128.74,3510.8761856000006,1.5
460,Dalaba,100,GN,1566743318,97,10.69,-12.25,3709.8476960000003,1.54
461,Mount Gambier,0,AU,1566743119,93,-37.83,140.78,2653.7681408000003,4.1
462,Khanpur,38,PK,1566743319,22,28.65,70.66,4781.232752000001,3.59
463,Fort Nelson,75,CA,1566742853,93,58.81,-122.69,3082.3221632000004,1.0
464,Anori,0,BR,1566743319,41,-3.74,-61.66,4628.177744000001,0.38
465,Lapua,75,FI,1566743319,72,62.97,23.01,3667.604513792001,8.7
466,Winslow,0,GB,1566743319,33,51.94,-0.88,4483.693816448001,5.1
467,Polunochnoye,100,RU,1566743320,99,60.87,60.43,3011.916859520001,1.63
468,Kimbe,100,PG,1566743320,89,-5.56,150.15,3862.9027040000014,1.64
469,Isiro,74,CD,1566743320,65,2.77,27.62,4095.5463161600005,0.58
470,Zalantun,97,CN,1566743320,95,48.0,122.72,3287.41587392,0.82
471,Magadan,69,RU,1566743321,92,59.56,150.8,3042.52786112,2.23
472,Laguna,75,BZ,1566742854,83,16.17,-88.94,4184.3182208,1.12
473,Klaksvik,100,FO,1566742841,100,62.23,-6.59,3082.3221632000004,6.7
474,Cosamaloapan,64,MX,1566743321,75,18.36,-95.8,4143.299478656001,0.62
475,Porbandar,98,IN,1566743322,74,21.64,69.61,4126.15731776,5.32
476,Port Pirie,75,AU,1566742599,76,-33.18,138.01,3021.10016,3.1
477,La Rioja,0,AR,1566742893,40,-29.41,-66.86,3513.9372857600006,2.13
478,Faya,75,SA,1566743322,64,18.39,42.45,3816.9862016,2.6
479,Hofn,90,IS,1566742843,93,64.25,-15.21,3082.3221632000004,4.6
480,Xichang,2,CN,1566743322,87,27.88,102.25,3330.271276160001,1.01
481,Guadalupe y Calvo,29,MX,1566743323,63,26.09,-106.96,3611.8924908800013,1.26
482,Colon,20,PH,1566743323,78,10.22,123.75,4123.0962176,2.15
483,Hovd,75,NO,1566742923,77,63.83,10.7,3510.8761856000006,5.1
484,Noumea,90,NC,1566742825,68,-22.28,166.46,3769.2330391040005,2.1
485,Krasnyy Oktyabr,87,RU,1566743324,76,56.12,38.88,3311.9046752000004,2.14
486,Panguna,52,PG,1566743324,80,-6.32,155.48,4077.179715200001,3.26
487,Sun City West,1,US,1566743324,69,33.66,-112.34,4279.824545792,3.6
488,Paris,0,FR,1566743267,29,48.86,2.35,4449.409494656,2.6
489,Lardos,0,GR,1566743324,49,36.09,28.02,4367.9842304,6.7
490,Xingcheng,0,CN,1566743325,90,40.62,120.71,3636.38129216,3.35
491,San Lorenzo,0,HN,1566743325,88,13.43,-87.45,4061.8742144,2.1
492,Herat,0,AF,1566743325,13,34.35,62.22,4245.540224,6.7
493,Reforma,90,MX,1566743325,100,24.02,-104.65,3429.4509213440006,2.6
494,Cururupu,46,BR,1566743326,65,-1.82,-44.87,4205.745921920002,4.13
495,Saint Marys,1,US,1566743326,67,41.43,-78.56,3633.3201920000006,2.6
496,Praya,75,ID,1566743326,83,-8.71,116.27,3939.4302080000007,3.1
497,Veraval,0,FR,1566743326,78,49.65,0.71,4483.693816448001,4.6
498,Kirovskiy,20,RU,1566743327,92,45.09,133.51,3171.0940678399998,1.15
499,Ostersund,0,SE,1566743327,56,63.18,14.64,3633.3201920000006,2.1
500,Lake Havasu City,1,US,1566743327,51,34.47,-114.34,4279.824545792,4.6
501,Amapa,75,HN,1566742831,74,15.09,-87.97,4347.780969344001,2.1
502,Gorontalo,57,ID,1566743328,92,0.54,123.06,3783.3140998400004,1.3
503,Buckingham,0,GB,1566743328,33,52.0,-0.98,4483.693816448001,5.1
504,Haines Junction,21,CA,1566742869,96,60.75,-137.51,2546.6296352000004,1.0
505,Port Hedland,0,AU,1566742819,93,-20.31,118.58,3449.654182400001,3.1
506,Idenao,40,CM,1566743328,74,4.25,9.0,4123.0962176,3.6
507,Muisne,75,EC,1566742889,88,0.61,-80.02,3939.4302080000007,5.1
508,Gravdal,20,NO,1566743328,68,59.79,5.78,3803.517360896001,5.1
509,Staffanstorp,0,SE,1566743329,36,55.64,13.21,4075.343055104001,5.7
510,Harboore,0,DK,1566743329,42,56.62,8.18,4184.3182208,1.5
511,Lahij,12,YE,1566743329,26,13.06,44.88,4756.743950720001,8.79
512,Caravelas,4,BR,1566743329,69,-17.73,-39.27,3893.5137056000003,3.98
513,Ati,100,TD,1566743330,68,13.21,18.34,4003.713311360001,3.18
514,Allende,90,MX,1566743330,78,28.34,-100.85,4123.0962176,3.1
515,Norrtalje,0,SE,1566743330,64,59.76,18.7,3905.1458862080012,6.2
516,Illela,100,NG,1566743330,62,12.25,4.3,4175.134920320001,3.06
517,Leningradskiy,96,RU,1566742903,86,69.38,178.42,2748.66224576,3.29
518,Basco,1,US,1566742840,88,40.33,-91.2,3633.3201920000006,4.1
519,Namatanai,25,PG,1566742914,82,-3.66,152.44,3985.3467104000006,4.23
520,Listvyanskiy,0,RU,1566743331,75,54.44,83.49,3256.8048723200004,1.18
521,Hervey Bay,0,AU,1566743331,87,-25.3,152.85,3259.2537524480003,1.53
522,Cockburn Town,40,TC,1566742837,70,21.46,-71.14,4245.540224,3.6
523,Verkhnyaya Inta,100,RU,1566742837,75,65.99,60.32,2950.6948563200003,4.57
524,Okhtyrka,0,UA,1566743331,52,50.31,34.89,3905.75810624,4.63
525,Abay,0,KZ,1566743332,29,49.63,72.87,3878.208204800001,1.0
526,Villanueva de la Serena,92,ES,1566743332,27,38.97,-5.8,4449.409494656,1.79
527,Seoul,1,KR,1566742633,100,37.57,126.98,3878.208204800001,0.5
528,Jimma,79,ET,1566743332,95,7.67,36.84,3538.4260870400003,0.8
529,Kohima,0,IN,1566743255,95,25.66,94.1,3477.2040838399994,1.23
530,Sibu,75,MY,1566743333,94,2.29,111.83,3939.4302080000007,1.5
531,San Cristobal,9,HN,1566742902,56,14.68,-86.92,3960.8579091200013,3.03
532,Talnakh,75,RU,1566742871,87,69.49,88.39,3327.210176,3.0
533,Coxim,0,BR,1566743333,15,-18.5,-54.75,4597.566742400001,4.45
534,Sabha,0,LY,1566743109,18,27.03,14.43,4628.177744000001,2.76
535,Lishu,80,CN,1566743334,92,43.31,124.32,3550.670487680001,3.16
536,Muskego,40,US,1566743209,88,42.91,-88.14,3735.5609373440006,3.6
537,Dois Corregos,0,BR,1566743334,56,-22.37,-48.38,3769.2330391040005,7.7
538,Beidao,37,CN,1566743334,89,34.57,105.89,3520.0594860800006,1.63
539,Pinhao,0,BR,1566743335,39,-25.7,-51.66,3593.525889920001,1.76
540,Tromso,75,NO,1566743273,93,69.65,18.96,3123.340905344001,0.5
541,Kruisfontein,0,ZA,1566742880,75,-34.0,24.73,3415.9820806400007,9.98
542,Prince Rupert,1,CA,1566743223,93,54.32,-130.32,3082.3221632000004,3.33
543,Cassilandia,0,BR,1566743335,23,-19.11,-51.73,4187.379320960001,2.96
544,Poum,20,MK,1566742836,29,41.28,20.71,4306.762227200002,2.6
545,Steinbach,90,CA,1566743335,82,49.53,-96.69,3531.0794466559996,10.3
546,Troitskoye,33,RU,1566743336,90,52.98,84.68,3299.6602745600007,0.6
547,Hobyo,18,SO,1566742859,62,5.35,48.53,4089.424115840001,12.94
548,Sungaipenuh,100,ID,1566743336,95,-2.08,101.38,3783.3140998400004,0.9
549,La Rochelle,0,FR,1566743336,64,46.16,-1.15,4000.6522112000016,4.6
550,Awbari,100,LY,1566743337,15,26.59,12.77,4622.0555436800005,3.45
551,Tucuman,0,PE,1566743337,12,-17.17,-70.89,3758.82529856,3.26
552,Strezhevoy,0,RU,1566743337,76,60.73,77.6,3143.5441664000004,2.0
553,Cheney,1,US,1566743337,66,47.49,-117.58,3361.4944977920004,4.6
554,Mahendranagar,100,IN,1566743338,67,28.02,81.63,4224.112522880001,0.86
555,Abha,75,SA,1566743338,64,18.22,42.5,3816.9862016,2.6
556,Lugovaya,19,RU,1566743338,65,54.38,61.21,3477.2040838399994,1.64
